Title,Author,Format-Year
N/A,Camila Vega Rivera,N/A
N/A,"Iris Acevedo A. â€¢ Spanishonline, Costarica",N/A
N/A,Science-Based Language Learning Lab,N/A
N/A,Science-Based Language Learning Lab,N/A
N/A,"Miller, Jackson",N/A
N/A,"Bennett, Olivia",N/A
N/A,"Ramirez, Andres",N/A
N/A,"Sharif, Mboya",N/A
N/A,"World, Spain",N/A
N/A,"Navarijo, Susie G.",N/A
N/A,Learn Like a Native,N/A
N/A,Language Equipped Travelers,N/A
N/A,Learn Like a Native,N/A
N/A,"Michaels, Steven J.",N/A
N/A,"Gardner, James M.",N/A
N/A,"Gardner, James M.",N/A
N/A,"Professor, Baby",N/A
N/A,"Dictionaries, Collins",N/A
N/A,Various Authors,N/A
N/A,Various Authors,N/A
